{
	"x": -1585.44677734375,
	"y": 741.732543945313
}