{
<<<<<<< HEAD
	"x": -1585.44677734375,
	"y": 741.732543945313
=======
	"current_location": [
		0,
		0
	]
>>>>>>> f79ce9f21d53044c9cd5beae11131a940850c872
}